Symbol,Name,Last Sale,Net Change,% Change,Market Cap,Country,IPO Year,Volume,Sector,Industry
AAMC,Altisource Asset Management Corp Com,$22.80,-1.13,-4.722%,37624834.00,United States,,22217,Finance,Real Estate
AAU,Almaden Minerals Ltd. Common Shares,$0.7332,-0.0567,-7.178%,88386242.00,Canada,2015,2255135,Basic Industries,Precious Metals
ACU,Acme United Corporation. Common Stock,$35.03,0.18,0.516%,116962122.00,United States,1988,6713,Capital Goods,Industrial Machinery/Components
ACY,AeroCentury Corp. Common Stock,$12.17,0.71,6.195%,18813408.00,United States,,828748,Technology,Diversified Commercial Services
AE,Adams Resources & Energy Inc. Common Stock,$29.10,-0.90,-3.00%,123450464.00,United States,,8152,Energy,Oil Refining/Marketing
AEF,Aberdeen Emerging Markets Equity Income Fund Inc. Common Stock,$8.66,-0.17,-1.925%,439510397.00,United States,,28405,,
AGE,AgeX Therapeutics Inc. Common Stock,$2.01,-0.085,-4.057%,75759004.00,,2018,351079,Health Care,Major Pharmaceuticals
AIM,AIM ImmunoTech Inc. Common Stock,$2.26,-0.09,-3.83%,89699427.00,United States,,1184919,Health Care,Biotechnology: Biological Products (No Diagnostic Substances)
AINC,Ashford Inc. (Holding Company) Common Stock,$9.07,-0.13,-1.413%,23164073.00,United States,2014,30372,Consumer Services,Professional Services
AIRI,Air Industries Group Common Stock,$1.54,0.00,0.00%,48863823.00,United States,,411928,Capital Goods,Military/Government/Technical
AMBO,Ambow Education Holding Ltd. American Depository Shares each representing two Class A ordinary shares,$2.41,-0.06,-2.429%,55948960.00,China,,442454,Consumer Services,Other Consumer Services
AMPE,Ampio Pharmaceuticals Inc.,$1.71,0.02,1.183%,316444050.00,United States,,1840813,Health Care,Major Pharmaceuticals
AMS,American Shared Hospital Services Common Stock,$2.80,0.16,6.061%,16130800.00,United States,,783214,Health Care,Medical Specialities
ANVS,Annovis Bio Inc. Common Stock,$25.57,0.27,1.067%,176589923.00,United States,2020,134290,Health Care,Major Pharmaceuticals
APT,Alpha Pro Tech Ltd. Common Stock,$13.98,-0.39,-2.714%,189818273.00,Canada,,638475,Health Care,Industrial Specialties
ARMP,Armata Pharmaceuticals Inc. Common Stock,$5.59,-0.16,-2.783%,114910125.00,United States,,27400,Health Care,Biotechnology: Biological Products (No Diagnostic Substances)
ASM,Avino Silver & Gold Mines Ltd. Common Shares (Canada),$1.40,-0.09,-6.04%,125396155.00,Canada,,3541438,Basic Industries,Precious Metals
ATNM,Actinium Pharmaceuticals Inc. (Delaware) Common Stock,$8.06,0.19,2.414%,109507392.00,United States,,334932,Health Care,Major Pharmaceuticals
AUMN,Golden Minerals Company Common Stock,$0.771,-0.0279,-3.492%,125264071.00,United States,,1722927,Basic Industries,Precious Metals
AWX,Avalon Holdings Corporation Common Stock,$3.55,-0.26,-6.824%,13757780.00,United States,,98376,Public Utilities,Environmental Services
AXU,Alexco Resource Corp Common Shares (Canada),$2.79,-0.15,-5.102%,389941398.00,Canada,,2176604,Basic Industries,Precious Metals
BATL,Battalion Oil Corporation Common Stock,$11.60,-0.55,-4.527%,187966017.00,,,2108,Energy,Oil & Gas Production
BCV,Bancroft Fund Ltd.,$31.12,0.13,0.419%,165713720.00,United States,,23611,,
BCV^A,Bancroft Fund Limited 5.375% Series A Cumulative Preferred Shares,$25.80,-0.05,-0.193%,,United States,,1435,,
BDL,Flanigan's Enterprises Inc. Common Stock,$24.00,-0.50,-2.041%,44607528.00,United States,,1932,Consumer Services,Restaurants
BDR,Blonder Tongue Laboratories Inc. Common Stock,$1.53,-0.08,-4.969%,17749036.00,United States,,280137,Technology,Radio And Television Broadcasting And Communications Equipment
BGI,Birks Group Inc. Common Stock,$2.16,0.33,18.033%,38817103.00,Canada,,1297122,Consumer Services,Consumer Specialties
BHB,Bar Harbor Bankshares Inc. Common Stock,$27.99,-0.01,-0.036%,417850534.00,United States,,56795,Finance,Major Banks
BIOX,Bioceres Crop Solutions Corp. Ordinary Shares,$8.20,-0.08,-0.966%,330671781.00,,2018,17992,Basic Industries,Agricultural Chemicals
BKTI,BK Technologies Corporation Common Stock,$4.21,0.09,2.184%,52675377.00,United States,,10655,Technology,Radio And Television Broadcasting And Communications Equipment
BMTX,BM Technologies Inc. Common Stock,$12.60,-0.23,-1.793%,153723805.00,,2018,74326,Finance,Major Banks
BRBS,Blue Ridge Bankshares Inc. Common Stock,$19.97,0.02,0.10%,246556610.00,,,23425,Finance,Major Banks
BRG,Bluerock Residential Growth REIT Inc. Class A Common Stock,$10.72,-0.21,-1.921%,236885768.00,,2014,446630,Consumer Services,Real Estate Investment Trusts
BRG^C,Bluerock Residential Growth REIT Inc. 7.625% Series C Cumulative Redeemable Preferred Stock,$25.67,0.06,0.234%,,,,2179,,
BRG^D,Bluerock Residential Growth REIT Inc. 7.125% Series D Cumulative Preferred Stock ($0.01 par value per share),$25.50,-0.24,-0.932%,,,,11722,,
BRN,Barnwell Industries Inc. Common Stock,$3.19,-0.38,-10.644%,26404140.00,United States,,147593,Energy,Oil & Gas Production
BTG,B2Gold Corp Common shares (Canada),$4.37,-0.25,-5.411%,4593473825.00,Canada,,14826425,Basic Industries,Precious Metals
BTN,Ballantyne Strong Inc. Common Stock,$2.56,0.00,0.00%,46600120.00,United States,,86398,Miscellaneous,Industrial Machinery/Components
BWL/A,Bowl America Inc.,$10.84,-0.21,-1.90%,,United States,,962,,
CANF,Can-Fite Biopharma Ltd Sponsored ADR (Israel),$2.04,-0.12,-5.556%,31444523.00,Israel,,478866,Health Care,Major Pharmaceuticals
CCF,Chase Corporation Common Stock,$107.68,-2.00,-1.823%,1017187383.00,United States,,25140,Consumer Durables,Building Products
CDOR,Condor Hospitality Trust Inc. Common Stock,$4.91,0.06,1.237%,58994215.00,United States,,31121,Consumer Services,Real Estate Investment Trusts
CEI,Camber Energy Inc. Common Stock,$1.44,-0.05,-3.356%,36000000.00,United States,,2419769,Energy,Oil & Gas Production
CET,Central Securities Corporation Common Stock,$35.75,-0.09,-0.251%,938094407.00,United States,,10986,,
CEV,Eaton Vance California Municipal Income Trust Shares of Beneficial Interest,$13.00,0.03,0.231%,92736475.00,United States,1999,46805,,
CHAQ,Chardan Healthcare Acquisition 2 Corp. Common Stock,$10.35,-0.05,-0.481%,111555457.00,,2020,29036,Finance,Business Services
CHFW,Consonance-HFW Acquisition Corp. Class A Ordinary Shares,$10.1901,-0.0799,-0.778%,121608653.00,,2021,23394,,
CIK,Credit Suisse Asset Management Income Fund Inc. Common Stock,$3.32,0.14,4.403%,173652364.00,United States,,2539172,,
CIX,CompX International Inc. Common Stock,$14.10,-0.03,-0.212%,175561314.00,United States,1998,2646,Capital Goods,Industrial Machinery/Components
CKX,CKX Lands Inc. Common Stock,$11.4474,0.2823,2.528%,22236517.00,United States,,630,Energy,Oil & Gas Production
CLM,Cornerstone Strategic Value Fund Inc. New Common Stock,$12.77,0.12,0.949%,989364319.00,United States,1987,793263,,
CMCL,Caledonia Mining Corporation Plc Common Shares,$14.16,-0.96,-6.349%,171602534.00,Canada,,102164,Basic Industries,Precious Metals
CMT,Core Molding Technologies Inc Common Stock,$12.15,-0.36,-2.878%,96858257.00,United States,,13140,Consumer Non-Durables,Plastic Products
COHN,Cohen & Company Inc.,$17.1201,-0.5399,-3.057%,22847475.00,United States,,4124,Finance,Investment Bankers/Brokers/Service
CPHI,China Pharma Holdings Inc. Common Stock,$0.8873,-0.0346,-3.753%,40442741.00,China,,511171,Health Care,Major Pharmaceuticals
CQP,Cheniere Energy Partners LP Cheniere Energy Partners LP Common Units,$39.75,-0.28,-0.699%,19239780014.00,United States,2007,277250,Public Utilities,Oil/Gas Transmission
CRF,Cornerstone Total Return Fund Inc. (The) Common Stock,$12.62,0.17,1.365%,516708194.00,United States,,320232,,
CRHM,CRH Medical Corporation Common Shares of Beneficial Interest,$3.87,-0.02,-0.514%,276368635.00,,2015,666193,Health Care,Medical/Nursing Services
CTEK,CynergisTek Inc. Common Stock,$2.40,-0.04,-1.639%,25564918.00,United States,2017,41533,Miscellaneous,Business Services
CVM,Cel-Sci Corporation Common Stock,$17.75,-0.61,-3.322%,719394685.00,United States,,656721,Health Care,Biotechnology: Biological Products (No Diagnostic Substances)
CVR,Chicago Rivet & Machine Co. Common Stock,$27.705,0.5423,1.996%,26766687.00,United States,,7531,Technology,Industrial Machinery/Components
CVU,CPI Aerostructures Inc. Common Stock,$4.60,-0.10,-2.128%,54975847.00,United States,,69965,Capital Goods,Military/Government/Technical
DHY,Credit Suisse High Yield Bond Fund Common Stock,$2.37,0.05,2.155%,245312543.00,United States,1998,6742936,,
DIT,AMCON Distributing Company Common Stock,$114.84,0.00,0.00%,63319216.00,United States,,26,Consumer Non-Durables,Food Distributors
DLA,Delta Apparel Inc. Common Stock,$27.26,0.12,0.442%,190129232.00,United States,,32639,Consumer Non-Durables,Apparel
DMF,BNY Mellon Municipal Income Inc. Common Stock,$8.80,0.06,0.686%,182607022.00,United States,1988,50297,,
DNN,Denison Mines Corp Ordinary Shares (Canada),$1.05,-0.04,-3.67%,753135865.00,Canada,,39274991,Basic Industries,Precious Metals
DPW,Ault Global Holdings Inc. Common Stock,$4.05,-0.21,-4.93%,112401926.00,United States,,6643302,Capital Goods,Industrial Machinery/Components
DSS,Document Security Systems Inc. Common Stock,$3.53,-0.05,-1.397%,97675541.00,United States,,2519913,Consumer Durables,Containers/Packaging
DXF,Dunxin Financial Holdings Limited American Depositary Shares,$1.20,-0.11,-8.397%,25049843.00,China,,439083,Finance,Finance: Consumer Services
DXR,Daxor Corporation Common Stock,$11.895,0.106,0.899%,47743080.00,United States,,1064,Health Care,Medical/Dental Instruments
EAD,Wells Fargo Income Opportunities Fund Common Shares,$8.24,0.05,0.611%,499230403.00,United States,2003,280934,,
ECF,Ellsworth Growth and Income Fund Ltd.,$14.39,0.07,0.489%,190020770.00,United States,1986,60428,,
ECF^A,Ellsworth Growth and Income Fund Ltd. 5.25% Series A Cumulative Preferred Shares (Liquidation Preference $25.00 per share),$26.16,-0.07,-0.267%,,United States,,650,,
EIM,Eaton Vance Municipal Bond Fund Common Shares of Beneficial Interest $.01 par value,$13.15,0.08,0.612%,946184370.00,United States,2002,414535,,
ELA,Envela Corporation Common Stock,$5.25,-0.15,-2.778%,141353000.00,United States,,90733,Consumer Services,Consumer Specialties
ELLO,Ellomay Capital Ltd Ordinary Shares (Israel),$30.882,0.00,0.00%,390721967.00,Israel,,7,Public Utilities,Electric Utilities: Central
ELMD,Electromed Inc. Common Stock,$10.56,-0.22,-2.041%,91186075.00,United States,2011,38279,Health Care,Biotechnology: Electromedical & Electrotherapeutic Apparatus
EMAN,eMagin Corporation Common Stock,$3.83,-0.15,-3.769%,258523476.00,United States,,1861783,Technology,Semiconductors
EMX,EMX Royalty Corporation Common Shares (Canada),$3.24,-0.23,-6.628%,273253370.00,Canada,,466925,Basic Industries,Precious Metals
ENSV,Enservco Corporation Common Stock,$2.02,-0.04,-1.942%,20744283.00,United States,,1157148,Energy,Oilfield Services/Equipment
ENX,Eaton Vance New York Municipal Bond Fund Common Shares of Beneficial Interest $.01 par value,$11.96,0.06,0.504%,216694796.00,United States,2002,66902,,
EPM,Evolution Petroleum Corporation Inc. Common Stock,$3.55,-0.15,-4.054%,118891453.00,United States,,158267,Energy,Oil & Gas Production
EQX,Equinox Gold Corp. Common Shares,$8.28,-0.32,-3.721%,2002685041.00,Canada,,2662820,Basic Industries,Precious Metals
ERC,Wells Fargo Multi-Sector Income Fund Common Stock no par value,$12.42,0.20,1.637%,349400533.00,United States,2003,80390,,
ERH,Wells Fargo Utilities and High Income Fund,$12.65,0.26,2.098%,117329572.00,,2004,7640,,
ESP,Espey Mfg. & Electronics Corp. Common Stock,$19.30,0.04,0.208%,52160817.00,United States,,780,Capital Goods,Industrial Machinery/Components
EVBN,Evans Bancorp Inc. Common Stock,$32.40,1.10,3.514%,174446104.00,United States,,22457,Finance,Major Banks
EVI,EVI Industries Inc.  Common Stock,$36.60,-1.40,-3.684%,448400837.00,United States,,28509,Consumer Services,Other Consumer Services
EVM,Eaton Vance California Municipal Bond Fund Common Shares of Beneficial Interest $.01 par value,$11.58,0.09,0.783%,289434446.00,United States,2002,106923,,
EVV,Eaton Vance Limited Duration Income Fund Common Shares of Beneficial Interest,$12.53,-0.01,-0.08%,1455322136.00,United States,2003,265466,,
EVY,Eaton Vance New York Municipal Income Trust Shares of Beneficial Interest,$14.27,0.435,3.144%,77084086.00,United States,1999,19673,,
EXN,Excellon Resources Inc. Common Shares,$3.14,-0.26,-7.647%,100696660.00,,2020,100183,Basic Industries,Precious Metals
FAX,Aberdeen Asia-Pacific Income Fund Inc Common Stock,$4.31,0.05,1.174%,1067568764.00,United States,1986,1330177,,
FCO,Aberdeen Global Income Fund Inc. Common Stock,$8.08,0.05,0.623%,70546044.00,United States,1992,37515,,
FEN,First Trust Energy Income and Growth Fund,$12.32,-0.48,-3.75%,243575825.00,United States,2004,119399,,
FRD,Friedman Industries Inc. Common Stock,$8.37,-0.40,-4.561%,57801956.00,United States,,12169,Capital Goods,Steel/Iron Ore
FSI,Flexible Solutions International Inc. Common Stock (CDA),$3.88,0.11,2.918%,47493315.00,Canada,,83258,Basic Industries,Major Chemicals
FSP,Franklin Street Properties Corp. Common Stock,$4.96,-0.12,-2.362%,532347867.00,United States,,974590,Consumer Services,Real Estate Investment Trusts
FTF,Franklin Limited Duration Income Trust Common Shares of Beneficial Interest,$9.35,-0.01,-0.107%,281798107.00,United States,2003,82890,,
FTSI,FTS International Inc. Class A Common Stock,$19.15,1.10,6.094%,268098583.00,United States,2020,95177,Energy,Oilfield Services/Equipment
FURY,Fury Gold Mines Limited Common Shares,$1.39,-0.05,-3.472%,163775161.00,,2020,784566,Basic Industries,Precious Metals
GAU,Galiano Gold Inc.,$1.14,-0.07,-5.785%,255620515.00,Canada,,1832870,Basic Industries,Mining & Quarrying of Nonmetallic Minerals (No Fuels)
GBR,New Concept Energy Inc Common Stock,$5.86,0.07,1.209%,30073139.00,United States,,317703,Energy,Oil & Gas Production
GDP,Goodrich Petroleum Corporation Common Stock,$9.71,-0.30,-2.997%,122887672.00,United States,2017,72798,Energy,Oil & Gas Production
GGN,GAMCO Global Gold Natural Resources & Income Trust,$3.37,-0.05,-1.462%,555751691.00,United States,2005,2174484,,
GGN^B,GAMCO Global Gold Natural Reources & Income Trust 5.00% Series B Cumulative 25.00 Liquidation Preference,$25.27,0.04,0.159%,,United States,,6037,,
GGO^A,The Gabelli Go Anywhere Trust Series A Cumulative Puttable and Callable Preferred Shares,$41.082,0.0219,0.053%,,,,500,,
GLDG,GoldMining Inc. Common Shares,$1.66,-0.04,-2.353%,245064462.00,,,864672,Basic Industries,Precious Metals
GLO,Clough Global Opportunities Fund Common Stock,$12.18,-0.01,-0.082%,392493338.00,United States,2006,200691,,
GLQ,Clough Global Equity Fund Clough Global Equity Fund Common Shares of Beneficial Interest,$15.19,-0.03,-0.197%,200976293.00,United States,2005,73654,,
GLU,Gabelli Global Utility Common Shares of Beneficial Ownership,$18.61,-0.065,-0.348%,100002287.00,United States,2004,5604,,
GLU^A,The Gabelli Global Utility and Income Trust Series A Cumulative Puttable and Callable Preferred Shares,$46.52,0.00,0.00%,,United States,,123,,
GLU^B,The Gabelli Global Utility and Income Trust Series B Cumulative Puttable and Callable Preferred Shares,$52.10,-0.095,-0.182%,,United States,,3212,,
GLV,Clough Global Dividend and Income Fund Common Shares of beneficial interest,$11.05,0.10,0.913%,92905350.00,United States,2004,25526,,
GOED,1847 Goedeker Inc. Commom Stock,$11.75,0.18,1.556%,71806600.00,United States,2020,26378,Consumer Services,Home Furnishings
GORO,Gold Resource Corporation Common Stock,$2.69,-0.08,-2.888%,193318722.00,United States,,1012898,Basic Industries,Precious Metals
GPL,Great Panther Mining Limited Ordinary Shares (Canada),$0.93,-0.0309,-3.216%,329896871.00,Canada,,5368932,Basic Industries,Precious Metals
GRF,Eagle Capital Growth Fund Inc. Common Stock,$7.78,0.02,0.258%,31698217.00,United States,,4597,,
GSAT,Globalstar Inc. Common Stock,$1.77,0.09,5.357%,2956617337.00,United States,2006,33661995,Consumer Services,Telecommunications Equipment
GSS,Golden Star Resources Ltd Common Stock,$3.14,-0.16,-4.848%,349359041.00,United States,,641685,Basic Industries,Precious Metals
GSV,Gold Standard Ventures Corporation Common Stock (Canada),$0.624,-0.026,-4.00%,223065152.00,Canada,,8888417,Basic Industries,Mining & Quarrying of Nonmetallic Minerals (No Fuels)
GTE,Gran Tierra Energy Inc. Common Stock,$0.8517,-0.0417,-4.668%,312558191.00,Canada,,13403952,Energy,Oil & Gas Production
HLM^,Hillman Group Capital Trust Preferred Stock,$25.53,-0.0205,-0.08%,,United States,,16056,,
HMG,HMG/Courtland Properties Inc. Common Stock,$12.3001,0.00,0.00%,12389251.00,United States,,32,Consumer Services,Real Estate Investment Trusts
HNW,Pioneer Diversified High Income Trust Pioneer Diversified High Income Trust Common Shares of Beneficial Interest,$14.54,0.14,0.972%,121158767.00,United States,2007,44721,,
HUSA,Houston American Energy Corporation Common Stock,$2.26,-0.17,-6.996%,20534898.00,United States,,1597485,Energy,Oil & Gas Production
HWM^,Howmet Aerospace Inc. $3.75 Preferred Stock,$78.50,0.00,0.00%,,United States,,60,,
IAF,Aberdeen Australia Equity Fund Inc Common Stock,$5.54,0.09,1.651%,128120816.00,United States,,120578,,
IBIO,iBio Inc. Common Stock,$1.76,-0.09,-4.865%,380177479.00,United States,,6104276,Health Care,Major Pharmaceuticals
ID,PARTS iD Inc. Class A Common Stock,$7.35,-0.90,-10.909%,241619916.00,United States,2017,27689,Technology,Advertising
IGC,India Globalization Capital Inc. Common Stock,$1.76,-0.05,-2.762%,79844728.00,United States,,1759279,Technology,Electronic Components
IHT,InnSuites Hospitality Trust Shares of Beneficial Interest,$2.88,-0.16,-5.263%,26709768.00,United States,,39933,Consumer Services,Real Estate Investment Trusts
IMH,Impac Mortgage Holdings Inc. Common Stock ,$3.10,-0.09,-2.821%,65812557.00,United States,1997,26291,Consumer Services,Real Estate Investment Trusts
IMO,Imperial Oil Limited Common Stock,$21.96,-0.71,-3.132%,16120325540.00,Canada,,470924,Energy,Integrated oil Companies
INDO,Indonesia Energy Corporation Limited Ordinary Shares,$8.34,0.54,6.923%,61782345.00,,2019,52469,Energy,Oil & Gas Production
INFU,InfuSystems Holdings Inc. Common Stock,$17.06,-0.65,-3.67%,345242060.00,United States,,90342,Health Care,Medical/Dental Instruments
INS,Intelligent Systems Corporation Common Stock,$39.68,-2.23,-5.321%,352588425.00,United States,1992,64991,Technology,Computer Software: Prepackaged Software
INTT,inTest Corporation Common Stock,$8.55,0.36,4.396%,90024002.00,United States,1997,62374,Capital Goods,Electrical Products
INUV,Inuvo Inc.,$1.06,-0.03,-2.752%,125624207.00,United States,,3253596,Consumer Services,Advertising
IOR,Income Opportunity Realty Investors Inc. Common Stock,$11.369,0.00,0.00%,47388425.00,United States,,13,Consumer Services,Real Estate Investment Trusts
ISDR,Issuer Direct Corporation Common Stock,$21.86,0.37,1.722%,81794699.00,United States,,9736,Miscellaneous,Publishing
ISR,IsoRay Inc. Common Stock (DE),$1.40,-0.06,-4.11%,197679794.00,United States,,6544385,Health Care,Medical/Dental Instruments
ITP,IT Tech Packaging Inc. Common Stock,$0.7555,-0.0245,-3.141%,41339172.00,China,,13560255,Consumer Durables,Containers/Packaging
ITRG,Integra Resources Corp. Common Shares,$3.27,-0.01,-0.305%,178568739.00,,,110167,Basic Industries,Precious Metals
JOB,GEE Group Inc. Common Stock,$1.70,-0.09,-5.028%,30034109.00,United States,,202871,Technology,Diversified Commercial Services
KIQ,Kelso Technologies Inc Ordinary Shares,$1.03,-0.03,-2.83%,48585189.00,Canada,,5853772,Capital Goods,Railroads
KLR,Kaleyra Inc. Common Stock,$18.78,0.99,5.565%,568821542.00,United States,2018,1024320,Technology,EDP Services
LCTX,Lineage Cell Therapeutics Inc. Common Stock,$2.30,0.01,0.437%,344957098.00,United States,,1259397,Health Care,Biotechnology: Biological Products (No Diagnostic Substances)
LEU,Centrus Energy Corp. Class A Common Stock,$23.49,0.05,0.213%,288249666.00,United States,2014,127873,Basic Industries,Mining & Quarrying of Nonmetallic Minerals (No Fuels)
LGL,LGL Group Inc. (The) Common Stock,$11.53,0.1967,1.736%,60640259.00,United States,,19468,Capital Goods,Industrial Machinery/Components
LNG,Cheniere Energy Inc. Common Stock,$67.39,-0.90,-1.318%,17000745871.00,United States,,2556731,Public Utilities,Oil/Gas Transmission
LODE,Comstock Mining Inc. Common Stock,$5.41,0.02,0.371%,189245944.00,United States,,1711323,Basic Industries,Precious Metals
LOV,Spark Networks Inc. American Depositary Shares (each representing one-tenth of an Ordinary Share),$5.59,-0.46,-7.603%,145657959.00,United States,2017,102840,Consumer Services,Other Consumer Services
LSF,Laird Superfood Inc. Common Stock,$39.47,-0.53,-1.325%,350291908.00,,2020,68786,Consumer Non-Durables,Packaged Foods
LXFR,Luxfer Holdings PLC Ordinary Shares,$19.16,-0.47,-2.394%,529239417.00,United Kingdom,2012,100397,Basic Industries,Major Chemicals
MAG,MAG Silver Corporation Ordinary Shares,$19.13,-1.99,-9.422%,1812438985.00,Canada,,1132614,Basic Industries,Precious Metals
MCF,Contango Oil & Gas Company Common Stock (TX),$4.87,-0.09,-1.815%,845858729.00,United States,,835568,Energy,Oil & Gas Production
MHH,Mastech Digital Inc Common Stock,$16.00,-0.20,-1.235%,182075984.00,United States,,18803,Consumer Services,Professional Services
MLSS,Milestone Scientific Inc. Common Stock,$3.92,0.36,10.112%,249678398.00,United States,2015,1339265,Health Care,Industrial Specialties
MMX,Maverix Metals Inc. Common Shares,$4.82,-0.19,-3.792%,677153649.00,,,298630,Basic Industries,Precious Metals
MSN,Emerson Radio Corporation Common Stock,$1.49,-0.14,-8.589%,31353551.00,United States,,262955,Consumer Non-Durables,Consumer Electronics/Appliances
MTA,Metalla Royalty & Streaming Ltd. Common Shares,$8.69,-0.04,-0.458%,344264048.00,,,506477,Basic Industries,Precious Metals
MTNB,Matinas Biopharma Holdings Inc. Common Stock,$1.21,-0.08,-6.202%,241566527.00,United States,2017,2666785,Health Care,Major Pharmaceuticals
MXC,Mexco Energy Corporation Common Stock,$8.30,-0.37,-4.268%,17194828.00,United States,,24441,Energy,Oil & Gas Production
MYO,Myomo Inc. Common Stock,$11.14,-0.86,-7.167%,51041118.00,United States,2017,357561,Health Care,Industrial Specialties
NAK,Northern Dynasty Minerals Ltd. Common Stock,$0.7908,0.0908,12.971%,402554076.00,Canada,,152967027,Basic Industries,Precious Metals
NAVB,Navidea Biopharmaceuticals Inc. Common Stock,$2.38,-0.07,-2.857%,66603512.00,United States,,310000,Health Care,Biotechnology: In Vitro & In Vivo Diagnostic Substances
NBA,New Beginnings Acquisition Corp. Common Stock,$10.1796,0.0096,0.094%,151879632.00,,2020,25590,Finance,Business Services
NBH,Neuberger Berman Municipal Fund Inc. Common Stock,$15.62,-0.10,-0.636%,293938660.00,United States,2002,48489,,
NBO,Neuberger Berman New York Municipal Fund Inc. Common Stock,$12.15,0.08,0.663%,61690617.00,United States,2002,6593,,
NBW,Neuberger Berman California Municipal Fund Inc Common Stock,$13.30,0.09,0.681%,73828885.00,United States,2002,9926,,
NBY,NovaBay Pharmaceuticals Inc. Common Stock,$1.13,0.01,0.893%,47214320.00,United States,2007,24546312,Health Care,Major Pharmaceuticals
NEN,New England Realty Associates Limited Partnership Class A Depositary Receipts Evidencing Units of Limited Partnership,$52.205,-0.045,-0.086%,190688995.00,United States,,273,Consumer Services,Building operators
NES,Nuverra Environmental Solutions Inc. Common Stock,$2.29,-0.15,-6.148%,36118842.00,United States,2017,42905,Energy,Oilfield Services/Equipment
NG,Novagold Resources Inc.,$8.35,-0.61,-6.808%,2766527177.00,Canada,,2801759,Basic Industries,Precious Metals
NGD,New Gold Inc.,$1.62,-0.02,-1.22%,1102410000.00,Canada,,12652451,Basic Industries,Precious Metals
NHC,National HealthCare Corporation Common Stock,$69.55,-0.97,-1.375%,1068986421.00,United States,,46173,Health Care,Hospital/Nursing Management
NHS,Neuberger Berman High Yield Strategies Fund,$12.21,0.17,1.412%,238590543.00,United States,,52549,,
NML,Neuberger Berman MLP and Energy Income Fund Inc. Common Stock,$3.91,-0.09,-2.25%,221536408.00,,2013,164329,,
NNVC,NanoViricides Inc. Common Stock,$4.18,0.05,1.211%,44629860.00,United States,,145140,Health Care,Major Pharmaceuticals
NOG,Northern Oil and Gas Inc. Common Stock,$13.28,-0.06,-0.45%,800556952.00,United States,,682676,,
NRO,Neuberger Berman Real Estate Securities Income Fund Inc. Neuberger Berman Real Estate Securities Income Fund Inc.,$4.28,-0.02,-0.465%,202959316.00,United States,2003,289324,,
NSPR,InspireMD Inc. Common Stock,$0.8581,-0.0419,-4.656%,95414779.00,Israel,,10735252,Health Care,Medical/Dental Instruments
NTIP,Network-1 Technologies Inc. Common Stock,$3.31,-0.07,-2.071%,79549482.00,United States,,1933,Miscellaneous,Multi-Sector Companies
NTN,NTN Buzztime Inc. Common Stock,$3.62,-0.31,-7.888%,10738086.00,United States,,246686,Health Care,Major Pharmaceuticals
NXE,Nexgen Energy Ltd. Common Shares,$3.50,-0.47,-11.839%,1321985242.00,,,4192291,Basic Industries,Precious Metals
OCX,OncoCyte Corporation Common Stock,$4.92,-0.42,-7.865%,431035345.00,United States,2015,950415,Health Care,Biotechnology: In Vitro & In Vivo Diagnostic Substances
OGEN,Oragenics Inc. Common Stock,$1.02,-0.03,-2.857%,111459017.00,United States,,5772744,Health Care,Major Pharmaceuticals
ORLA,Orla Mining Ltd. Common Shares,$3.40,-0.31,-8.356%,778484400.00,,2020,364315,Basic Industries,Precious Metals
PCG^A,Pacific Gas & Electric Co. 6% Preferred Stock,$28.43,0.00,0.00%,,United States,,246,,
PCG^C,Pacific Gas & Electric Co. 5% 1st Preferred Stock,$24.45,-0.3504,-1.413%,,United States,,800,,
PCG^D,Pacific Gas & Electric Co. 5% 1st  Red. Preferred Stock,$24.31,-0.3901,-1.579%,,United States,,210,,
PCG^E,Pacific Gas & Electric Co. 5% 1st A Preferred Stock,$24.84,-0.13,-0.521%,,United States,,461,,
PCG^H,Pacific Gas & Electric Co. 4.50% 1st Preferred Stock,$23.70,0.69,2.999%,,United States,,180,,
PCG^I,Pacific Gas & Electric Co. 4.36% 1st Preferred Stock,$23.50,-0.07,-0.297%,,United States,,201,,
PED,Pedevco Corp. Common Stock,$1.60,-0.08,-4.762%,127133232.00,United States,,1256773,Energy,Oil & Gas Production
PHGE,BiomX Inc. COmmon Stock,$7.27,-0.02,-0.274%,169006068.00,,2019,71252,Health Care,Biotechnology: Biological Products (No Diagnostic Substances)
PLAG,Planet Green Holdings Corp. Common Stock,$2.72,0.01,0.369%,43323521.00,China,,113862,Consumer Non-Durables,Packaged Foods
PLG,Platinum Group Metals Ltd. Ordinary Shares (Canada),$3.98,-0.11,-2.689%,287363068.00,Canada,,1300729,Basic Industries,Precious Metals
PLM,Polymet Mining Corporation Ordinary Shares (Canada),$4.56,-0.28,-5.785%,459190705.00,Canada,,486734,Basic Industries,Precious Metals
PLX,Protalix BioTherapeutics Inc. (DE) Common Stock,$4.90,0.07,1.449%,222375872.00,Israel,,741404,Health Care,Biotechnology: Biological Products (No Diagnostic Substances)
PLYM^A,Plymouth Industrial REIT Inc. 7.50% Series A Cumulative Redeemable Preferred Stock,$26.32,0.195,0.746%,,United States,,951,,
PRK,Park National Corporation Common Stock,$124.00,-2.47,-1.953%,2185272212.00,United States,,68580,Finance,Major Banks
PTK,PTK Acquisition Corp. Common Stock,$10.33,-0.02,-0.193%,148493750.00,United States,2020,97699,Finance,Business Services
PTN,Palatin Technologies Inc. Common Stock,$0.782,-0.038,-4.634%,179886828.00,United States,,3295391,Health Care,Major Pharmaceuticals
PW,Power REIT (MD) Common Stock,$37.57,-1.04,-2.694%,123963455.00,United States,,54417,Consumer Services,Real Estate Investment Trusts
PW^A,Power REIT 7.75% Series A Cumulative Perpetual Preferred Stock,$26.01,0.00,0.00%,,United States,,22,,
PZG,Paramount Gold Nevada Corp. Common Stock,$1.04,-0.08,-7.143%,37675608.00,United States,2015,435401,Basic Industries,Precious Metals
RCG,RENN Fund Inc Common Stock,$2.55,0.17,7.143%,15177488.00,United States,,155414,,
REI,Ring Energy Inc. Common Stock,$2.22,-0.23,-9.388%,181304292.00,United States,,6646412,Energy,Oil & Gas Production
RHE,Regional Health Properties Inc. Common Stock,$5.39,-0.42,-7.229%,9099500.00,,2017,120459,Consumer Services,Real Estate
RHE^A,Regional Health Properties Inc. 10.875% Series A Cumulative Redeemable Preferred Stock,$2.84,0.01,0.353%,,,,1022,,
RLGT,Radiant Logistics Inc. Common Stock,$6.77,0.00,0.00%,338280239.00,United States,,222009,Transportation,Oil Refining/Marketing
RMED,Ra Medical Systems Inc. Common Stock,$6.88,-0.71,-9.354%,22178175.00,,2018,254633,Health Care,Medical/Dental Instruments
RVP,Retractable Technologies Inc. Common Stock,$15.70,0.14,0.90%,530920683.00,United States,,413216,Health Care,Medical/Dental Instruments
SACC,Sachem Capital Corp. 6.875% Notes due 2024,$25.155,-0.074,-0.293%,0.00,United States,2019,2481,Consumer Services,Real Estate Investment Trusts
SACH,Sachem Capital Corp. Common Shares,$4.56,-0.07,-1.512%,100889093.00,United States,2017,117646,Consumer Services,Real Estate Investment Trusts
SCCB,Sachem Capital Corp. 7.125% Notes due 2024,$25.6101,-0.0199,-0.078%,0.00,United States,2019,100,Consumer Services,Real Estate Investment Trusts
SCCC,Sachem Capital Corp. 7.75% Notes due 2025,$25.53,0.03,0.118%,0.00,United States,2020,2802,Consumer Services,Real Estate Investment Trusts
SDPI,Superior Drilling Products Inc. Common Stock,$0.9479,-0.0921,-8.856%,24282815.00,,2014,1024753,Energy,Metal Fabrications
SEB,Seaboard Corporation Common Stock,$3313.14,37.89,1.157%,3845823336.00,United States,1996,1409,Consumer Services,Farming/Seeds/Milling
SENS,Senseonics Holdings Inc. Common Stock,$3.42,-0.39,-10.236%,1273227634.00,United States,,45536778,Capital Goods,Industrial Machinery/Components
SIF,SIFCO Industries Inc. Common Stock,$8.12,-0.34,-4.019%,48388939.00,United States,,15230,Capital Goods,Aerospace
SILV,SilverCrest Metals Inc. Common Shares,$8.30,-0.35,-4.046%,1198171101.00,,2018,2763167,Basic Industries,Precious Metals
SIM,Grupo Simec S.A.B. de C.V. American Depositary Shares,$13.10,0.00,0.00%,2173330230.00,Mexico,1993,960,Basic Industries,Steel/Iron Ore
SMTS,Sierra Metals Inc. Common Stock,$2.65,-0.16,-5.694%,431420000.00,,,528539,Basic Industries,Precious Metals
SNMP,Sanchez Midstream Partners LP Common Stock,$1.15,-0.01,-0.862%,48563061.00,United States,,566959,Energy,Oil & Gas Production
SSY,SunLink Health Systems Inc. Common Stock,$1.80,0.01,0.559%,12418778.00,United States,,395423,Health Care,Hospital/Nursing Management
STXS,Stereotaxis Inc. Common Stock,$7.00,-0.46,-6.166%,515799403.00,United States,,1223399,Health Care,Biotechnology: Electromedical & Electrotherapeutic Apparatus
SVM,Silvercorp Metals Inc. Common Shares,$5.83,-0.43,-6.869%,1022338376.00,,,2429615,Basic Industries,Precious Metals
SVT,Servotronics Inc. Common Stock,$8.71,-0.19,-2.135%,21674199.00,United States,,768,Capital Goods,Industrial Machinery/Components
SYN,Synthetic Biologics Inc. Common Stock,$0.6734,-0.0167,-2.42%,48946089.00,United States,,10394232,Health Care,Major Pharmaceuticals
TGB,Taseko Mines Ltd. Common Stock,$1.66,-0.16,-8.791%,463479281.00,Canada,,4805936,Basic Industries,Precious Metals
TGC,Tengasco Inc. Common Stock,$2.47,-1.23,-33.243%,26392054.00,United States,,3180982,Energy,Oil & Gas Production
THM,International Tower Hill Mines Ltd. Ordinary Shares (Canada),$1.11,-0.08,-6.723%,216348084.00,Canada,,774524,Basic Industries,Precious Metals
TKAT,Takung Art Co. Ltd. Common Stock,$3.12,0.02,0.645%,35166702.00,,,92896,Consumer Services,Other Specialty Stores
TMBR,Timber Pharmaceuticals Inc. Common Stock,$1.80,-0.14,-7.216%,21328256.00,United States,2015,4327408,Health Care,Major Pharmaceuticals
TMP,Tompkins Financial Corporation Common Stock,$77.33,-1.92,-2.423%,1147541628.00,United States,,48174,Finance,Major Banks
TMQ,Trilogy Metals Inc. Common Stock,$2.15,-0.03,-1.376%,309999317.00,Canada,,1021462,Basic Industries,Precious Metals
TPHS,Trinity Place Holdings Inc. Common Stock,$2.23,-0.25,-10.081%,71743799.00,,,34326,Consumer Services,Building operators
TRT,Trio-Tech International Common Stock,$5.39,0.09,1.698%,19999891.00,United States,,82127,Technology,Industrial Machinery/Components
TRX,Tanzanian Gold Corporation Common Stock,$0.7005,-0.0044,-0.624%,175548267.00,Canada,,3927831,Basic Industries,Precious Metals
TRXC,TransEnterix Inc. Common Stock,$3.72,-0.18,-4.615%,835981397.00,United States,,17947630,Health Care,Medical/Dental Instruments
UAMY,United States Antimony Corporation Common Stock,$1.43,-0.23,-13.855%,131288443.00,United States,,13852729,Capital Goods,Metal Fabrications
UAVS,AgEagle Aerial Systems Inc. Common Stock,$8.10,0.11,1.377%,476292741.00,United States,,2922182,Capital Goods,Aerospace
UEC,Uranium Energy Corp. Common Stock,$2.12,-0.10,-4.505%,422004883.00,Canada,,7015037,Basic Industries,Precious Metals
UFAB,Unique Fabricating Inc. Common Stock,$6.80,0.17,2.564%,66498200.00,United States,2015,8199,Capital Goods,Auto Parts:O.E.M.
URG,Ur Energy Inc Common Shares (Canada),$1.13,-0.01,-0.877%,212786971.00,Canada,,3234971,Basic Industries,Precious Metals
USAS,Americas Gold and Silver Corporation Common Shares no par value,$2.61,-0.15,-5.435%,334989729.00,,2017,2013522,Basic Industries,Precious Metals
UTG,Reaves Utility Income Fund Common Shares of Beneficial Interest,$31.25,-0.20,-0.636%,1740529375.00,United States,2004,209133,,
UUU,Universal Security Instruments Inc. Common Stock,$6.97,0.06,0.868%,16120822.00,United States,,565718,Technology,Electronic Components
UUUU,Energy Fuels Inc Ordinary Shares (Canada),$5.19,-0.20,-3.711%,696967602.00,,,3392654,Basic Industries,Mining & Quarrying of Nonmetallic Minerals (No Fuels)
VCF,Delaware Investments Colorado Municipal Income Fund Inc  Common Stock,$14.24,0.00,0.00%,68880304.00,United States,1993,6199,,
VFL,Delaware Investments National Municipal Income Fund Common Stock,$13.00,0.00,0.00%,58869759.00,United States,1993,8195,,
VGZ,Vista Gold Corp Common Stock,$0.9275,-0.0325,-3.385%,95240063.00,United States,,827754,Basic Industries,Precious Metals
VHAQ,Viveon Health Acquisition Corp. Common Stock,$10.06,0.00,0.00%,253071875.00,,2021,423025,Finance,Business Services
VKI,Invesco Advantage Municipal Income Trust II Common Shares of Beneficial Interest (DE),$11.49,0.07,0.613%,510058921.00,United States,,132203,,
VMM,Delaware Investments Minnesota Municipal Income Fund II Inc. Common Stock,$13.07,0.01,0.077%,150370023.00,United States,1993,8665,,
VNRX,VolitionRX Limited Common Stock,$4.08,-0.13,-3.088%,215118612.00,Singapore,2015,364442,Health Care,Biotechnology: In Vitro & In Vivo Diagnostic Substances
VOLT,Volt Information Sciences Inc. Common Stock,$2.78,-0.04,-1.418%,60427679.00,United States,,73012,Technology,Professional Services
WLMS,Williams Industrial Services Group Inc. Common Stock,$3.4089,0.3689,12.135%,86369397.00,,2021,134571,Basic Industries,Military/Government/Technical
WRN,Western Copper and Gold Corporation Common Stock,$1.55,-0.10,-6.061%,210176334.00,Canada,2011,859410,Basic Industries,Precious Metals
WTT,Wireless Telecom Group  Inc. Common Stock,$1.87,-0.15,-7.426%,40569669.00,United States,,735582,Capital Goods,Telecommunications Equipment
WYY,WidePoint Corporation Common Stock,$10.60,-0.31,-2.841%,89662580.00,United States,,119288,Technology,EDP Services
XPL,Solitario Zinc Corp. Common Stock,$0.9351,-0.046,-4.689%,54337133.00,United States,,6035597,Basic Industries,Precious Metals
XTNT,Xtant Medical Holdings Inc. Common Stock,$4.33,2.40,124.352%,332808277.00,United States,,218287063,Health Care,Biotechnology: Biological Products (No Diagnostic Substances)
XXII,22nd Century Group Inc. Common Stock,$3.35,-0.06,-1.76%,465178297.00,United States,,3202752,Consumer Non-Durables,Farming/Seeds/Milling
YCBD,cbdMD Inc. Common Stock,$3.74,-0.19,-4.835%,195553803.00,United States,2017,744420,Consumer Non-Durables,Package Goods/Cosmetics
YCBD^A,cbdMD Inc. 8.0% Series A Cumulative Convertible Preferred Stock,$8.7674,0.5474,6.659%,,United States,,14053,,
ZDGE,Zedge Inc. Class B Common Stock ,$10.04,0.09,0.905%,125738821.00,,2016,305790,Technology,Computer Software: Prepackaged Software
ZOM,Zomedica Corp. Common Shares,$1.87,0.02,1.081%,1770671597.00,United States,2017,57681644,Health Care,Major Pharmaceuticals
